,contributors
0,ouwenchang
1,ginfung
2,huaweib
3,etone-chan
4,leopz
5,leilei_snow
6,leoxyzzzzzzzzzzzzzz
7,giancarlo
8,anyrenwei
9,yoonlee666
10,littlecats7
11,rmdyh
12,VectorSL
13,rainyhorse
14,huangbingjian
15,junhanh
16,mengyuanli
17,ZhengQihao3f3f3f
18,yanzhenxiang2020
19,chenyijie6
20,HW_KK
21,chujinjin
22,geng_fei
23,liuxiao78
24,shgao
25,wangcong666
26,hanyang001
27,mcgrady00h
28,dessyang
29,yyyzzzhao
30,lvmingfu
31,bowenk
32,ouyang_xx
33,zhaozhenlong
34,joylvliang
35,zhouyifengCode
36,yangyongjie-boom
37,yexijoe
38,yangruoqi713
39,ling_qiao_min
40,liuwenhao4
41,xiaoda_zh
42,hu-qi
43,gong_zi_yan
44,zhangbiao31
45,zhaizhiqiang
46,yangjie159
47,caojian05
48,zhouneng2
49,stsuteng
50,gemini524
51,yuruilee
52,shenwei41
53,yihuaijie
54,zyli2020
55,ashysage
56,mind-lh
57,zhu_wenyong
58,TingtingChen_zju
59,youui
60,weibiaoyu
61,shenghong96
62,gaoxiong1
63,jinyaohui
64,quarter3
65,wyann22
66,anrui-wang
67,togepro
68,gongliyao
69,avakh
70,tiancixiao
71,ninn55
72,polyhedral
73,kang_ZJU
74,chen_ying113
75,smcopen
76,destinywck
77,liu_luobin
78,absolutely_unexpected
79,geekun
80,null_811_4356
81,ddwsky
82,heleiwang
83,yufan1012
84,wangyue01
85,xiangyunwu21
86,hly_rick_sanchez
87,simson_wu
88,kisnwang
89,Cawindon
90,liubuyu
91,nagexiucai
92,chenfei52
93,panpanpui2
94,lin-xh
95,luopengting
96,lwenyuanl
97,zhangbuxue
98,wangshuide2020
99,xulei2020
100,meng_chunyang
101,biffex
102,xu_anyue
103,sanjaychan
104,irasinn
105,zpac
106,flywind123
107,chenbo116
108,xu-yfei
109,andy_wangrui
110,destiny-z
111,chengxb7532
112,laiyongqiang
113,pengyongrong
114,songhonglei413
115,anthonyaje
116,irmo
117,fanrb
118,zhu_xiaochen
119,ouyangshi95
120,oacjiewen
121,yinding
122,yvettelaw
123,zhang_yi2020
124,mhmotallebi
125,yuximiao
126,ziruiwu
127,wangdongxu6
128,guohonhzilonghw
129,mikef
130,lyvette
131,seatea
132,realdinghao
133,yuhanshi
134,xuguoyang5566
135,zhangyinxia
136,tomzwang11
137,jiacheng-zhao
138,fangzehua
139,wangmin0104
140,zhongligeng
141,looop5
142,davidmc
143,lirongzhen1
144,GreyZzzzzzXh
145,zhaosida_hw
146,zhangzhewei01
147,zhangxiaoxiao16
148,zhiyuan_mei
149,jxlang910
150,wuxuejian
151,sl_wang
152,HilbertDavid
153,savoygll
154,tina_mengting_zhang
155,anzhengqi
156,xychow
157,yuan_shen_zhou
158,he-botao
159,zhanghuiyao
160,zongha
161,zichun_ye
162,luoyang42
163,falcon_bham
164,junjiecheng
165,chen_tanjie
166,xun_xue
167,nicholas_yhr
168,liuyang_655
169,panbingao
170,zhangyunshu
171,he_xia_15
172,askmiao
173,weiwei-w
174,wangyanling10
175,Gogery
176,lx0095
177,shuzigood
178,zoloft
179,tao_yunhao
180,donghufeng
181,fireinthehole1024
182,minara
183,zyhstack
184,xutianming1985
185,julyai
186,wanyiming
187,yang_chun
188,shibeiji
189,wudenggang
190,zhujingxuan
191,jonahlei
192,anancds
193,sjianing
194,adelshafiei
195,hanjun996
196,gengdongjie
197,yonibaehr_admin
198,proydakov
199,tronzhang
200,liangchenghui
201,lingyunli63
202,moonblue333
203,Margaret_wangrui
204,alouhahahahaha
205,ddwolf
206,wei_wei_yang_vs
207,yangzhenzhang
208,xsmq
209,yepei6
210,sergeywong
211,cathwong
212,peixu_ren
213,zengzitao
214,wukesong
215,dinglongwei
216,kingfo
217,jiangjinsheng2
218,jonyguo
219,zhan_ke
220,fary86
221,xian_weizhao
222,gongchen123
223,wangzhe128
224,limingqi107
225,qujianwei
226,islam_amin
227,corleoneliu
228,hhc2020
229,harsh1995
230,chenlei_autodiff
231,zh_qh
232,xieshihua
233,gzhcv
234,jonwe
235,wilfchen
236,panpanrui
237,ffeiding
238,thlinh
239,cristoval
240,c_34
241,JunYuLiu
242,M20211031
243,learlzy
244,liuchongming74
245,liu_xiao_93
246,big-four
247,linqingke
248,codesausage
249,shidahe
250,neoming
251,tom__chen
252,yao_yf
253,wang_hua_2019
254,echo_hua
255,yankai10
256,sunsuodong
257,wang-yiru
258,zhuxwei
259,penny369
260,cjh9368
261,yuxiangjohn
262,YeFeng_24
263,jiangzg001
264,wenfangpei
265,chow-chow
266,windaway
267,hanhuifeng2020
268,lihongzhang
269,mei_xiao_wei
270,ervinzhang
271,gukecai
272,zhaodezan
273,zsj_mind
274,mahdirahmanihanzaki
275,probiotics_53
276,haojtr
277,maning202007
278,lishixing3
279,zhangdengcheng
280,chenmai1102
281,xcnick
282,JeffDing890430
283,Somnus2020
284,zyx5256
285,wtcheng
286,xiaoyisd
287,zhaojichen
288,yeyunpeng2020
289,liangzhibo
290,lianliguang
291,chenzupeng
292,hwhewei
293,dwtt2012
294,hantao_kobe
295,lzkcode
296,hanyuanai
297,xukailun_1
298,zhunaipan
299,fenglovebei
300,zhupuxu
301,wangchengyuan
302,lihongkang1
303,bingyaweng
304,ms_yan
305,guoqi1024
306,yingjy
307,gongdaguo
308,lvchangquan
309,zhao_ting_v
310,li_qi_liang
311,peilin-wang
312,zhoufeng54
313,ding_fei_fei
314,shaoxiangdong
315,wangrao124
316,lizhenglong1992
317,TigerLuo86
318,yanghaitao1
319,fuzhiye
320,zhanyuan1
321,gaojing22
322,zhanghaibo5
323,hwjiaorui
324,tmc_1
325,wchunjiang
326,l_emon
327,pkuliuliu
328,amongo
329,jachua
330,jojobugfree
331,lixiachen
332,xiefangqi
333,nsyca
334,zhouyaqiang0
335,selephantjy
336,genglsh1
337,i_yangmh
338,liyong126
339,jiangzhiwen8
340,chuckchen521
341,huangbo77
342,jiang-shuqiang
343,guomenghao319
344,maoweiyong
345,hangangqiang
346,sunnybeike
347,lichen666
348,hfarahat
349,wangnan39
350,david-he91
351,shallydeng
352,qianlong21st
353,gray0v0
354,liucunwei
355,kai00
356,wang-yea
357,helloiscsi
358,mamba_ni
359,zhangz0911gm
360,zjun3021
361,dangjiaqi1
362,kingxian
363,dengyutao
364,yuanwei66
365,doitH
366,danishnxt
367,riesman
368,chopin_syp
369,lixiaohui33
370,john_tzanakakis
371,bairongz
372,lijiaqi0612
373,zhengjun10
374,alashkari
375,jjfeing
376,rishivar
377,taroxd
378,liujunzhu
379,tony_liu2
380,alexyuyue
381,ch-l
382,jiahongqian
383,leonwanghui
384,TFbunny
385,liyanliu96
386,ttudu
387,riemann_penn
388,robingrosman
389,apyuan
390,jpc_chenjianping
391,yxyan6
392,changzherui
393,HulkTang
394,louisncu
395,jianghui58
396,ckey_dou
397,magemoumou
398,zuochuanyong
399,pandoublefeng
400,zzhangfr
401,jkl_lee
402,lyfnehaha
403,sishuikang
404,big_hair_big_hair
405,wenkai_dist
406,justkitt
407,mindspore_boy
408,r1chardf1d0
409,caozhou_huawei
410,xutianchun
411,ming__blue
412,zhangxinfeng3
413,nhussain
414,zymaa
415,dayschan
416,xinyunfan
417,wang_shaocong
418,alexey_shevlyakov
419,zhengyuanhua
420,scukzz
421,louie5
422,ythuang
423,yanglf1121
424,ezphlow
425,xixixian
426,zlq2020
427,jtnisbet
428,hessam
429,zhang_xue_tong
430,bai-yangfan
431,lichen_101010
432,liangzelang
433,ngtony
434,yuchaojie
435,yelihua
436,candanzg
437,huangxinjing
438,yuzhenhua666
439,gaoyong10
440,guan_songsong
