,contributor,issues
0,Gitee,0
1,chang zherui,0
2,zhaozhenlong,0
3,sunsuodong,0
4,zhoufeng,0
5,kswang,0
6,VectorSL,0
7,yangruoqi713,2
8,liuxiao93,0
9,ling,0
10,caifubi,0
11,xiefangqi,2
12,fuzhiye,3
13,jonyguo,0
14,peixu_ren,1
15,wilfChen,0
16,chenzomi,0
17,huanghui,0
18,jiangjinsheng,0
19,liubuyu,1
20,yujianfeng,0
21,zhaojichen,0
22,WilliamLian,0
23,buxue,0
24,hangq,0
25,yao_yf,0
26,lizhenyu,0
27,yuchaojie,0
28,xuanyue,0
29,ZPaC,0
30,chenzupeng,1
31,wandongdong,0
32,guohongzilong,0
33,changzherui,2
34,jjfeing,8
35,baihuawei,0
36,fary86,1
37,YangLuo,0
38,lvliang,0
39,Zhang Qinghua,0
40,chenjianping,0
41,wsc,0
42,ms_yan,3
43,Wei Luning,0
44,liuwenhao4,0
45,yeyunpeng,0
46,zhaoting,0
47,yanghaitao,0
48,Yi Huaijie,0
49,Zirui Wu,0
50,laiyongqiang,4
51,linqingke,4
52,jinyaohui,0
53,wukesong,0
54,Xun Deng,0
55,buxue,0
56,limingqi107,0
57,Eric,0
58,simson,0
59,Xiaoda Zhang,0
60,xutianchun,0
61,CaoJian,0
62,xulei2020,15
63,panfengfeng,0
64,Pengyongrong,0
65,Cathy Wong,0
66,chujinjin,0
67,Peilin Wang,0
68,lixian,0
69,wangnan39@huawei.com,0
70,liyong,0
71,yanghaoran,0
72,liuzhongkai,0
73,zhouyaqiang,0
74,Jesse Lee,0
75,hesham,0
76,lihongkang,0
77,lyvette,0
78,shenwei41,3
79,danishnxt,0
80,TFbunny,10
81,lichenever,0
82,yoonlee666,11
83,gengdongjie,0
84,zhouyuanshen,0
85,Jonathan Yan,0
86,Lixia Chen,0
87,gongdaguo,1
88,jiangzhiwen,0
89,wangzhe,0
90,lilei,0
91,yangzhenzhang,0
92,panyifeng,0
93,Jiaqi,0
94,cjh9368,1
95,wangdongxu,0
96,zhengjun10,0
97,huangxinjing,2
98,z00478463,0
99,wangmin,0
100,huangdongrun,0
101,yanzhenxiang2020,0
102,zhanyuan,0
103,chenhaozhe,0
104,kingfo,0
105,zjun,0
106,Ziyan,0
107,chengxianbin,0
108,yefeng,0
109,zengxianglong,0
110,fangzehua,0
111,ougongchang,0
112,zhaodezan,0
113,Margaret_wangrui,0
114,chenfei,0
115,wangshuide2020,0
116,wuxuejian,0
117,Mahdi,0
118,cjh9368,1
119,l00591931,0
120,yankai,0
121,dayschan,0
122,Li Hongzhang,0
123,wuyongkang,0
124,He Wei,0
125,Payne,0
126,anzhengqi,0
127,caozhou,0
128,gzhcv,0
129,jianghui58,1
130,hexia,0
131,kai00,0
132,nhussain,5
133,shibeiji,2
134,yeyunpeng,0
135,zhanghuiyao,0
136,zhangz0911gm,0
137,tinazhang,0
138,hukang hwx963878,0
139,bai-yangfan,0
140,heleiwang,1
141,hwjiaorui,0
142,meixiaowei,0
143,wanyiming,2
144,yuzhenhua,0
145,anancds,0
146,Harshvardhan Gupta,0
147,bingyaweng,0
148,gukecai,1
149,qianlong,0
150,zhousiyi,0
151,Xiao Tianci,0
152,root,0
153,Yanjun Peng,0
154,liuxiao78,0
155,andy,0
156,mengyuanli,0
157,tao_yunhao,0
158,yvette,0
159,BowenK,0
160,hongxing,0
161,wuweikang,0
162,yangyongjie,0
163,wsq3,0
164,Corleone,0
165,chenfei,0
166,dengwentao,0
167,jiangzhenguang,0
168,looop5,0
169,wangcong,0
170,xuyongfei,0
171,tronzhang,2
172,leilei_snow,0
173,leonwanghui,1
174,dinghao,0
175,liangchenghui,0
176,lichenever,0
177,wenchunjiang,0
178,xiaoyisd,1
179,islam_amin,0
180,yoni,0
181,jzg,0
182,tom__chen,1
183,zhangxinfeng3,0
184,zhanke,0
185,chentingting,0
186,Adel Shafiei,0
187,John Tzanakakis,0
188,lixiaohui,0
189,lvchangquan,1
190,seatea,0
191,wanghua,0
192,zhouneng,0
193,HuangBingjian,0
194,etone-chan,1
195,kpy,0
196,TFBunny,0
197,alex-yuyue,0
198,liuyang_655,2
199,sheng,0
200,zhangxuetong,0
201,candanzg,0
202,ervinzhang,1
203,meng_chunyang,0
204,yanglf1121,5
205,Giancarlo Colmenares,0
206,Junhan Hu,0
207,alouhahaha,0
208,hanhuifeng2020,0
209,hanjun996,8
210,leopz,0
211,qujianwei,2
212,songhonglei413,0
213,zengzitao,0
214,zhanghaibo5,1
215,Nat Sutyanyong,0
216,hedongdong,0
217,lirongzhen1,0
218,yangzhenzhang,0
219,Hoai Linh Tran,0
220,Alexey Shevlyakov,0
221,gaojing,0
222,zhangyihui,0
223,王明贵,0
224,Zhenglong Li,0
225,liyanliu,0
226,Bairong,0
227,lichen_101010,5
228,lz,0
229,tanghuikang,0
230,xulei2020,15
231,李嘉琪,0
232,avakh,2
233,lingyunli63,0
234,luopengting,0
235,panbingao,0
236,rick_sanchez,0
237,shijianning,0
238,yuximiao,0
239,anthonyaje,2
240,guoqi,0
241,tony_liu2,0
242,yangjie159,1
243,Jamie Nisbet,0
244,YuhanShi53,0
245,dessyang,0
246,dinglongwei,0
247,maning202007,1
248,wenkai,0
249,zhaizhiqiang,0
250,zhongligeng,2
251,zhupuxu,4
252,万万没想到,0
253,Gaoxiong,0
254,Ting Wang,0
255,cristoval,0
256,ervinzhang,1
257,guansongsong,0
258,liangzelang,1
259,liangzelang,1
260,liucunwei,0
261,lvmingfu,0
262,mayang,0
263,mxm,0
264,wangrao,0
265,weiyang,0
266,xutianming,0
267,zhangyi,0
268,“dangjiaqi1”,0
269,陈劢,0
270,Amir Lashkari,0
271,GuoMengHao,0
272,Su Teng,0
273,WeibiaoYu,0
274,Zichun Ye,0
275,askmiao,0
276,biffex,0
277,ch-l,0
278,cj,0
279,geekun,0
280,gongchen,0
281,hukang,0
282,huzhifeng,0
283,jiangshuqiang,0
284,liangzelang,1
285,mamba_ni,1
286,maoweiyong,0
287,x00540480,0
288,yelihua,0
289,yepei6,1
290,zhangdengcheng,0
291,zhanyuan,0
292,Amir Lashkari,0
293,JunYuLiu,0
294,Kang,0
295,Xian Weizhao,0
296,Zirui Wu,0
297,caojiewen,0
298,chengyuanwang,0
299,gaoyong10,0
300,hebotao,0
301,hedongodng,0
302,jin-xiulang,0
303,louei5,0
304,mohammad,0
305,r1chardf1d0,0
306,unknown,0
307,wangyue01,0
308,xsmq,0
309,xuguoyang,0
310,yang_chun,0
311,yuanwei66,3
312,zhangyunshu,0
313,zhujingxuan,1
314,zhuyuxiao,0
315,梁成辉,0
316,Daniel,0
317,Geng_Fei,0
318,Haim Moushkatel,0
319,Jolin Zhang46,0
320,Ng Ngai Fai,0
321,Shida He,0
322,Wan Hanyang,0
323,d00455729,0
324,dengyutao,0
325,duxiutao,0
326,gong chen,0
327,huangbo77,0
328,klchai,0
329,kouzhenzhong,0
330,linqingke,4
331,lishixing3,4
332,liuchongming74,0
333,meizhiyuan,0
334,public (04f0281d2d30),0
335,rainyhorse,2
336,rmdyh,1
337,root,0
338,shaoxiangdong,2
339,shenghong96,0
340,shenyeping,0
341,w00517672,0
342,w00535372,0
343,wanghua,0
344,y00369862,0
345,yingchen,0
346,yinwei,0
347,zhangrunjiao,0
348,zhangyi,0
349,zhaosida,0
350,zhengqihao,0
351,zhu_xiaochen,0
352,zhushujing,0
353,zuochuanyong,2
354,WangChengke,0
355,13465716071,0
356,Deshi Chen,0
357,GRAY0v0,0
358,GitHub,0
359,GreyZzzzzzXh,1
360,HaoJtr,0
361,HulkTang,0
362,Ioannis Lamprou,0
363,MingHan-Y,0
364,RobinGrosman,0
365,Wang Bochao,0
366,Zhu Wenyong,0
367,ale,0
368,chenbo,0
369,chenlei_autodiff,0
370,chujinjin,0
371,codesausage,1
372,duxiutao,0
373,es chow,0
374,genglishuai,0
375,guo_jia213585,0
376,hanhaocheng,0
377,hanxiaoyu,0
378,hanyuanai,1
379,helloiSCSI,0
380,helloway,0
381,huangmengxi,0
382,jh9999995,0
383,jinxiaoxian,0
384,jojo,0
385,kingcong,0
386,l00421674,0
387,leiyuning,0
388,liangzelang,1
389,lihongkang,0
390,liqiliang,0
391,liujiahan,0
392,liujunzhu,1
393,lvwenyuan 00536823,0
394,lyfne,0
395,mcgrady00h,0
396,minara,2
397,pkuliuliu,0
398,root,0
399,taroxd,0
400,tx1103mark,0
401,wYann,0
402,wangjun260,0
403,wangyanling,0
404,xcnick,0
405,xiangyunwu21,1
406,xiexingxian,0
407,xinyun Fan,0
408,xunxue,0
409,y00488820,0
410,yangjie,0
411,yitongh,0
412,yoonlee666,11
413,z00512249,0
414,zhangbiao31,0
415,zhangxiaoxiao16,0
416,zhangzhewei,0
417,zhengbin (G),0
418,zhouyifeng,0
419,zhunaipan,0
420,zymaa,4
421,李鸿章,0
422,疯子奏乐,0
